<?xml version="1.0" encoding="UTF-8"?>
<project-private xmlns="http://www.netbeans.org/ns/project-private/1">
    <editor-bookmarks xmlns="http://www.netbeans.org/ns/editor-bookmarks/2" lastBookmarkId="0"/>
    <open-files xmlns="http://www.netbeans.org/ns/projectui-open-files/2">
        <group>
            <file>file:/C:/Users/jsiau/Documents/NetBeansProjects/cardgame4/src/cardgame4/Play.java</file>
            <file>file:/C:/Users/jsiau/Documents/NetBeansProjects/cardgame4/src/cardgame4/Card.java</file>
            <file>file:/C:/Users/jsiau/Documents/NetBeansProjects/cardgame4/src/cardgame4/GroupOfCards.java</file>
            <file>file:/C:/Users/jsiau/Documents/NetBeansProjects/cardgame4/src/cardgame4/printCards.java</file>
            <file>file:/C:/Users/jsiau/Documents/NetBeansProjects/cardgame4/src/cardgame4/CardHand.java</file>
            <file>file:/C:/Users/jsiau/Documents/NetBeansProjects/cardgame4/src/cardgame4/Player.java</file>
        </group>
    </open-files>
</project-private>
